"Advanced Activity Feeds Wall Plugin";"Advanced Activity Feeds Wall Plugin"
"Advanced Activity Feeds / Wall Plugin";"Advanced Activity Feeds / Wall Plugin"
"Activity Feed Settings";"Activity Feed Settings"
"Welcome Settings";"Welcome Settings"
"Notification Updates";"Notification Updates"
"Info Tooltip Settings";"Info Tooltip Settings"
"FAQ";"FAQ"
"Default Icon";"Default Icon"
"Most Liked Items";"Most Liked Items"
"Retweet";"Retweet"
"Favorite";"Favorite"
"Unfavorite";"Unfavorite"
"Reply";"Reply"
"Delete Tweet?";"Delete Tweet?"

# File Path: Advancedactivity/Api/Birthday.php

"others";"others"
" Photos";" Photos"
" Playlist";" Playlist"
"ADVACADV_SHARE";"Share"
"ADVADV_SHARE";"Share"



# File Path: Advancedactivity/controllers/AdminManageController.php

"Content Type already exists.";"Content Type already exists."



# File Path: Advancedactivity/controllers/AdminReportController.php
"You have successfully delete this abuse report.";"You have successfully delete this abuse report."



# File Path: Advancedactivity/controllers/AdminSettingsController.php

"If your site supports multiple laguage then %s for the compatible Text input box.";"If your site supports multiple laguage then %s for the compatible Text input box."
"If your site supports only one laguage then %s for the compatible Text input box.";"If your site supports only one laguage then %s for the compatible Text input box."
"Limitation value could not be empty.";"Limitation value could not be empty."



# File Path: Advancedactivity/controllers/AuthController.php

"Twitter is currently experiencing technical issues, please try again later.";"Twitter is currently experiencing technical issues, please try again later."
"The Facebook account that you are trying to login with seems to be already used by some other user. Please logout from this Facebook account and try again.";"The Facebook account that you are trying to login with seems to be already used by some other user. Please logout from this Facebook account and try again."
"The Twitter account that you are trying to login with seems to be already used by some other user. Please logout from this Twitter account and try again.";"The Twitter account that you are trying to login with seems to be already used by some other user. Please logout from this Twitter account and try again."




# File Path: Advancedactivity/controllers/CustomListController.php

"Your changes have been saved.";"Your changes have been saved."
"Your List has been deleted.";"Your List has been deleted."



# File Path: Advancedactivity/controllers/FeedController.php

"Your tag has been removed.";"Your tag has been removed."



# File Path: Advancedactivity/controllers/IndexController.php

"Not post";"Not post"
"Invalid data";"Invalid data"
"Success!";"Success!"
"This user is not allowed to like this item";"This user is not allowed to like this item"
"You now like this action.";"You now like this action."
"This user is not allowed to unlike this item";"This user is not allowed to unlike this item"
"You no longer like this action.";"You no longer like this action."
"Not a post";"Not a post"
"This user is not allowed to comment on this item.";"This user is not allowed to comment on this item."
"Comment posted";"Comment posted"
"You cannot share this item because it has been removed.";"You cannot share this item because it has been removed."
"This activity item has been removed.";"This activity item has been removed."
"Comment has been deleted";"Comment has been deleted"
"You do not have the privilege to delete this comment";"You do not have the privilege to delete this comment"
"The uploaded file is not supported or is corrupt.";"The uploaded file is not supported or is corrupt."
"You cannot share this item because it has been removed.";"You cannot share this item because it has been removed."



# File Path: Advancedactivity/controllers/ReportController.php

"Your report has been submitted.";"Your report has been submitted."



# File Path: Advancedactivity/Form/Admin/Manage/Content.php

"Add New Content Type";"Add New Content Type"
"Use the form below to add a content type for enabling users to filter activity feeds over it.";"Use the form below to add a content type for enabling users to filter activity feeds over it."
"Content Module";"Content Module"
"Content Title";"Content Title"
"Enter the content title for which you use this module. Ex: You may use the Documents module for ‘Tutorials’ on your community.";"Enter the content title for which you use this module. Ex: You may use the Documents module for ‘Tutorials’ on your community."
"Filtering Activity Feeds";"Filtering Activity Feeds"
"Enable filtering of activity feeds by users for this content type.";"Enable filtering of activity feeds by users for this content type."
"Save Settings";"Save Settings"
" or ";" or "
"cancel";"cancel"
"There are currently no new content modules that could be added for “Content Lists�?.";"There are currently no new content modules that could be added for “Content Lists�?."




# File Path: Advancedactivity/externals/scripts/notification.js

"You have no new updates.";"You have no new updates."


# File Path: Advancedactivity/externals/scripts/feed-tags.js

"Who are you with?";"Who are you with?"



"An error has occurred processing the request. The target may no longer exist.";"An error has occurred processing the request. The target may no longer exist."
"Your Tweet was over 140 characters. You'll have to be more clever.";"Your Tweet was over 140 characters. You'll have to be more clever."
"An error occured. Please try again after some time.";"An error occured. Please try again after some time."
"Disconnect from Facebook";"Disconnect from Facebook"
"Disconnect from Twitter";"Disconnect from Twitter"




# File Path: Advancedactivity/externals/scripts/advancedactivity-twitter.js

"Shared on Twitter as reply to";"Shared on Twitter as reply to"
"We were unable to process your request. Wait a few moments and try again.";"We were unable to process your request. Wait a few moments and try again."
"Updating...";"Updating..."
"Are you sure that you want to delete this tweet? This action cannot be undone.";"Are you sure that you want to delete this tweet? This action cannot be undone."
"Your Facebook status could not be updated. Please try again.";"Your Facebook status could not be updated. Please try again."
"Stop liking this item";"Stop liking this item"



# File Path: Advancedactivity/Form/Admin/Manage/ContentType.php

"Use the form below to add a content type for enabling users to create their custom lists for filtering activity feeds over them.";"Use the form below to add a content type for enabling users to create their custom lists for filtering activity feeds over them."
"There are currently no new content modules on your website that could be added for Custom Lists.";"There
are currently no new content modules on your website that could be added for Custom Lists."
"For this module not difine any item in manifest file.";"For this module not difine any item in manifest file."
"This is the value of 'items' key in the manifest file of this plugin. To view this value for a desired module, go to the directory of this module, and open the file 'settings/manifest.php'. In this file, search for 'items', and view its value. [Ex in case of blog module: Open file 'application/modules/Blog/settings/manifest.php', and go to around line 62. You will see the 'items' key array with value 'blog'. Thus, the Database Table Item for blog module is: 'blog']";"This is the value of 'items' key in the manifest file of this plugin. To view this value for a desired module, go to the directory of this module, and open the file 'settings/manifest.php'. In this file, search for 'items', and view its value. [Ex in case of blog module: Open file 'application/modules/Blog/settings/manifest.php', and go to around line 62. You will see the 'items' key array with value 'blog'. Thus, the Database Table Item for blog module is: 'blog']"
"Enable for Custom Lists";"Enable for Custom Lists"
"Enable this content type to be part of users’ custom lists for filtering of activity feeds.";"Enable this content type to be part of users’ custom lists for filtering of activity feeds."
"Content Type";"Content Type"
"General";"General"

# File Path: Advancedactivity/Form/Admin/Manage/EditContent.php

"Edit Content Type";"Edit Content Type"
"Use the form below to edit the content type for enabling users to filter activity feeds over it.";"Use the form below to edit the content type for enabling users to filter activity feeds over it."
"Use the form below to edit the content type for enabling users to create their custom lists for filtering activity feeds over them.";"Use the form below to edit the content type for enabling users to create their custom lists for filtering activity feeds over them."


# File Path: Advancedactivity/Form/Admin/Manage/Genral.php

"General Lists Settings";"General Lists Settings"
"These are the general settings for Activity Feeds Lists on your community.";"These are the general settings for Activity Feeds Lists on your community."
"Default Visible Items";"Default Visible Items"
"Select the number of items that should be visible by default for lists based filtering on member home activity feeds. (You can choose the content types that are important for your website to be visible by default. The items beyond this count will appear in a ""More"" dropdown. To choose the sequence of items, visit the Content Lists tab.)";"Select the number of items that should be visible by default for lists based filtering on member home activity feeds. (You can choose the content types that are important for your website to be visible by default. The items beyond this count will appear in a ""More"" dropdown. To choose the sequence of items, visit the Content Lists tab.)"
"Custom Lists Filtering";"Custom Lists Filtering"
"Enable Custom Lists for filtering of activity feeds on member home page. (If enabled, users will be able to create their custom lists from various content types & friends, to filter activity feeds on them. This would allow users to easily view updates from entities that are important to them and which they are interested in. Users could create different lists containing different entities according to their choice and interests. To administer content types available for custom lists, visit the Custom Lists tab.)";"Enable Custom Lists for filtering of activity feeds on member home page. (If enabled, users will be able to create their custom lists from various content types & friends, to filter activity feeds on them. This would allow users to easily view updates from entities that are important to them and which they are interested in. Users could create different lists containing different entities according to their choice and interests. To administer content types available for custom lists, visit the 
Custom Lists tab.)"
"Friend Lists Filtering";"Friend Lists Filtering"
"Enable users to filter activity feeds on member home page over Friend Lists. (Friend Lists are lists in which users organize their friends from the Friends section of their profiles. Users can use this to see updates of their close friends, colleagues, family, class-mates, etc.)";"Enable users to filter activity feeds on member home page over Friend Lists. (Friend Lists are lists in which users organize their friends from the Friends section of their profiles. Users can use this to see updates of their close friends, colleagues, family, class-mates, etc.)"
"Save Changes";"Save Changes"



# File Path: Advancedactivity/Form/Admin/Report/Action.php

"Take Action";"Take Action"
"What would you like to do for this report?";"What would you like to do for this report?"
"Delete Activity Feed?";"Delete Activity Feed?"
"Delete Activity Feed and Respective Content?";"Delete Activity Feed and Respective Content?"
"Dismiss Report?";"Dismiss Report?"
"Submit";"Submit"



# File Path: Advancedactivity/Form/Admin/CustomBlockCreate.php

"Create New Custom Block";"Create New Custom Block"
"Create a new custom block here, which will be shown in Welcome Tab.";"Create a new custom block here, which will be shown in Welcome Tab."
"Edit Custom Block";"Edit Custom Block"
"Edit the custom block here, which will be shown in Welcome Tab.";"Edit the custom block here, which will be shown in Welcome Tab."
"Title";"Title"
"Title of the custom block.";"Title of the custom block."
"Display Limitation";"Display Limitation"
"Limitation for the custom block view.";"Limitation for the custom block view."
"None, Always show this block to users in the Welcome Tab.";"None, Always show this block to users in the Welcome Tab."
"Number of days since signup. (Below you will be able to enter the value.)";"Number of days since signup. (Below you will be able to enter the value.)" 
"Number of friends. (Below you will be able to enter the value.)";"Number of friends. (Below you will be able to enter the value.)"
"Number of friends";"Number of friends"
"Language Support";"Language Support"
"Content";"Content"
"Member Levels";"Member Levels"
"Specify which member levels will be shown this custom block. To show this block to all member levels, leave them all selected. Use CTRL-click to select or deselect multiple levels.";"Specify which member levels will be shown this custom block. To show this block to all member levels, leave them all selected. Use CTRL-click to select or deselect multiple levels."
"Networks";"Networks"
"Specify which networks will be shown this custom block. To show this block to all networks, leave them all selected. Use CTRL-click to select or deselect multiple networks.";"Specify which networks will be shown this custom block. To show this block to all networks, leave them all selected. Use CTRL-click to select or deselect multiple networks."



# File Path: Advancedactivity/Form/Admin/Global.php

"Third Party Services Settings";"Third Party Services Settings"
"Global Settings";"Global Settings"
"These settings affect all members in your community.";"These settings affect all members in your community."
"Enter License key";"Enter License key"
"Please enter your license key that was provided to you when you purchased this plugin. If you do not know your license key, please contact the Support Team of SocialEngineAddOns from the Support section of your Account Area.(Key Format: XXXXXX-XXXXXX-XXXXXX )";"Please enter your license key that was provided to you when you purchased this plugin. If you do not know your license key, please contact the Support Team of SocialEngineAddOns from the Support section of your Account Area.(Key Format: XXXXXX-XXXXXX-XXXXXX )"
"Your community is currently in "Production Mode". We recommend that you momentarily switch your site to "Development Mode" so that the CSS of this plugin renders fine as soon as the plugin is installed. After completely installing this plugin and visiting few pages of your site, you may again change the System Mode back to "Production Mode" from the Admin Panel Home. (In Production Mode, caching prevents CSS of new plugins to be rendered immediately after installation.)";"Your community is currently in "Production Mode". We recommend that you momentarily switch your site to "Development Mode" so that the CSS of this plugin renders fine as soon as the plugin is installed. After completely installing this plugin and visiting few pages of your site, you may again change the System Mode back to "Production Mode" from the Admin Panel Home. (In Production Mode, caching prevents CSS of new plugins to be rendered immediately after installation.)"
"System Mode";"System Mode"
"Activate Your Plugin Now";"Activate Your Plugin Now"
"Site Feeds Tab Title";"Site Feeds Tab Title"
"Enter the title for the tab that displays site activity feeds in the Advanced Activity Feeds.";"Enter the title for the tab that displays site activity feeds in the Advanced Activity Feeds."
"Tab Types";"Tab Types"
"Select the design type for the tabs in Advanced Activity Feeds. (These tabs enable users to switch between Welcome tab, feeds from your website and feeds from Facebook and Twitter. Below, you will be able to choose the icon for your site’s tab. In the Advanced Activity Feeds widget, for any placement, you can choose the tabs/sections to be available via the Edit Settings popup for the widget. The tabs are visible only if more than 1 sections are selected. On Content Profile/View pages, the Welcome, Facebook and Twitter tabs will not be shown even if they are enabled and tabs will not appear there.)";"Select the design type for the tabs in Advanced Activity Feeds. (These tabs enable users to switch between Welcome tab, feeds from your website and feeds from Facebook and Twitter. Below, you will be able to choose the icon for your site’s tab. In the Advanced Activity Feeds widget, for any placement, you can choose the tabs/sections to be available via the Edit Settings popup for the widget. The tabs are 
visible only if more than 1 sections are selected. On Content Profile/View pages, the Welcome, Facebook and Twitter tabs will not be shown even if they are enabled and tabs will not appear there.)"
"Icon Only";"Icon Only"
"Icon and Title";"Icon and Title"
"Title Only";"Title Only"
"You have not uploaded an image for site logo. Please upload an image.";"You have not uploaded an image for site logo. Please upload an image."
"Upload a small icon for your website %s. The ideal dimensions of this icon should be: 16 X 16 px. (This icon will be shown for your site's activity feeds tab in Advanced Activity Feeds. Once you upload a new icon at the link mentioned, then refresh this page to see its preview below after selection.)";"Upload a small icon for your website %s. The ideal dimensions of this icon should be: 16 X 16 px. (This icon will be shown for your site's activity feeds tab in Advanced Activity Feeds. Once you upload a new icon at the link mentioned, then refresh this page to see its preview below after selection.)"
"Choose Small Site Icon";"Choose Small Site Icon"
"Site Icon Preview";"Site Icon Preview"
"Choose Welcome Tab Icon";"Choose Welcome Tab Icon"
"Welcome Tab Icon Preview";"Welcome Tab Icon Preview"
"Info Tooltips";"Info Tooltips"
"Do you want to enable interactive Info Tooltips on mouse-over for sources and entities in the site activity feeds in Advanced Activity Feeds? (The interactive Info Tooltips contain information and quick action links for the entities. You can choose more settings for these from the Info Tooltip Settings.)";"Do you want to enable interactive Info Tooltips on mouse-over for sources and entities in the site activity feeds in Advanced Activity Feeds? (The interactive Info Tooltips contain information and quick action links for the entities. You can choose more settings for these from the Info Tooltip Settings.)"
"Yes";"Yes"
"No";"No"
"Auto-Loading Activity Feeds On-scroll";"Auto-Loading Activity Feeds On-scroll"
"Do you want to enable auto-loading of old activity feeds when users scroll down to the bottom of Advanced Activity Feeds? (This setting will apply to the site activity feeds as well as those from Facebook and Twitter.)";"Do you want to enable auto-loading of old activity feeds when users scroll down to the bottom of Advanced Activity Feeds? (This setting will apply to the site activity feeds as well as those from Facebook and Twitter.)"
"Choose the options from below that you want to be enabled for the Status Update Box in site activity feeds. (Additionally, using the “@�? character with name, users will be able to tag their Friends and site’s %s in their updates on Member Homepage and User Profiles. Tagged friends and Page Admins of tagged %s will get notification updates.)";"Choose the options from below that you want to be enabled for the Status Update Box in site activity feeds. (Additionally, using the “@�? character with name, users will be able to tag their Friends and site’s %s in their updates on Member Homepage and User Profiles. Tagged friends and Page Admins of tagged %s will get notification updates.)"
"Status Box Options";"Status Box Options"
"Add Friends (Users will be able to add friends in their updates. These friends will appear in the updates with a “with�? text. Added friends will get a notification update. If enabled, this will be available on Member Homepage and User Profiles.)";"Add Friends (Users will be able to add friends in their updates. These friends will appear in the updates with a “with�? text. Added friends will get a notification update. If enabled, this will be available on Member Homepage and User Profiles.)"
"Emoticons (Users will see an “Insert Emoticons�? icon in the updates posting box and will be able to insert attractive Emoticons / Smileys in their posts. If enabled, this will be available in all locations of the status box.)";"Emoticons (Users will see an “Insert Emoticons�? icon in the updates posting box and will be able to insert attractive Emoticons / Smileys in their posts. If enabled, this will be available in all locations of the status box.)"
"Post Sharing Privacy (Users will be able to choose the people with whom they want to share their updates. The available sharing privacy options come pre-configured with “Everyone�?, “Friends & Networks�? and “Friends Only�?, and Friend Lists created by users like “Family�?, “Work Colleagues�?, etc are also shown. Additionally, users can also create custom sharing lists using their Friend Lists. If enabled, this will be available on Member Homepage and User Profiles.)";"Post Sharing Privacy (Users will be able to choose the people with whom they want to share their updates. The available sharing privacy options come pre-configured with “Everyone�?, “Friends & Networks�? and “Friends Only�?, and Friend Lists created by users like “Family�?, “Work Colleagues�?, etc are also shown. Additionally, users can also create custom sharing lists using their Friend Lists. If enabled, this will be available on Member Homepage and User Profiles.)"
"Update Frequency for Facebook and Twitter Feeds";"Update Frequency for Facebook and Twitter Feeds"
"This application connects to the respective third-party (using AJAX) after regular intervals to check if there are any new updates to the corresponding activity feed. How often do you want this process to occur? A shorter amount of time will consume more server resources. If your server is experiencing slowdown issues, try lowering the frequency the application checks for updates.";"This application connects to the respective third-party (using AJAX) after regular intervals to check if there are any new updates to the corresponding activity feed. How often do you want this process to occur? A shorter amount of time will consume more server resources. If your server is experiencing slowdown issues, try lowering the frequency the application checks for updates."
"Upload a small icon for the Welcome Tab %s. The ideal dimensions of this icon should be: 16 X 16 px. (Once you upload a new icon at the link mentioned, then refresh this page to see its preview below after selection.)";"Upload a small icon for the Welcome Tab %s. The ideal dimensions of this icon should be: 16 X 16 px. (Once you upload a new icon at the link mentioned, then refresh this page to see its preview below after selection.)"



# File Path: Advancedactivity/Form/Admin/NotificationSettings.php

"Notification Updates in Mini Navigation Menu";"Notification Updates in Mini Navigation Menu"
"You can now make the Notification Updates, that come in the header mini navigation menu, attractive like they are on Facebook. Below are the settings for this.";"You can now make the Notification Updates, that come in the header mini navigation menu, attractive like they are on Facebook. Below are the settings for this."
"Advanced Notification Updates";"Advanced Notification Updates"
"Do you want to enable attractive, advanced notification updates in the mini navigation menu of your website. (Enabling this will replace the existing notification updates with the advanced one.)";"Do you want to enable attractive, advanced notification updates in the mini navigation menu of your website. (Enabling this will replace the existing notification updates with the advanced one.)"
"Number of Notifications";"Number of Notifications"
"Select the number of notifications that should be visible in the Updates dropdown. (The dropdown has a “View All Updates�? link enabling users to read all updates.)";"Select the number of notifications that should be visible in the Updates dropdown. (The dropdown has a “View All Updates�? link enabling users to read all updates.)" 


# File Path: Advancedactivity/Form/Admin/WelcomeSettings.php

"Custom Blocks";"Custom Blocks"
"Welcome Tab Display";"Welcome Tab Display"
"If the Welcome Tab is displayed to a member in Advanced Activity Feeds widget, then should it be the default tab (appear as the opened tab on page load)? (Note: For a position of the Advanced Activity Feeds widget, you can choose whether Welcome Tab should be available in it or not from the Edit Settings popup of the widget.)";"If the Welcome Tab is displayed to a member in Advanced Activity Feeds widget, then should it be the default tab (appear as the opened tab on page load)? (Note: For a position of the Advanced Activity Feeds widget, you can choose whether Welcome Tab should be available in it or not from the Edit Settings popup of the widget.)"
"Allow Other Widgets";"Allow Other Widgets"
"Do you want other widgets to also be displayed in the Welcome Tab? (You can place the desired widgets in this Welcome Tab page from the Layout Editor. Please note that if you enable this setting, then you should be sure to place the desired extra widgets in Welcome Tab, than the ones mentioned above.)";"Do you want other widgets to also be displayed in the Welcome Tab? (You can place the desired widgets in this Welcome Tab page from the Layout Editor. Please note that if you enable this setting, then you should be sure to place the desired extra widgets in Welcome Tab, than the ones mentioned above.)"
"For Newly Signed-up Users";"For Newly Signed-up Users"
"For newly signed-up users, do you want the Welcome Tab to be shown as the default selected tab on Member Home Page on their first visit to that page? (This can be useful to give new users a quick overview of your website. This setting will only work for the first visit of new user on Member Home Page. Note that for this, you should have placed the Advanced Activity Feeds widget on Member Home Page with the Welcome Tab enabled.)";"For newly signed-up users, do you want the Welcome Tab to be shown as the default selected tab on Member Home Page on their first visit to that page? (This can be useful to give new users a quick overview of your website. This setting will only work for the first visit of new user on Member Home Page. Note that for this, you should have placed the Advanced Activity Feeds widget on Member Home Page with the Welcome Tab enabled.)"
"Invite Friends";"Invite Friends"
"Enter the number of friends till which users should be shown the Invite Friends block in the Welcome Tab (This block enables users to invite their contacts to become members of the site and their friends on it, by importing contacts from various services or manually entering email IDs. Those who are already site members get friend request. Users can thus quickly and easily grow their network on your site. Note that for this to be visible, you must place the ""Welcome: Invite Friends"" widget in this page from the Layout Editor. If you do not want this widget to be available in the Welcome Tab, then enter 0 below. This block will no more be visible to users in the Welcome Tab after their number of friends reaches the limit set by you.).";"Enter the number of friends till which users should be shown the Invite Friends block in the Welcome Tab (This block enables users to invite their contacts to become members of the site and their friends on it, by importing contacts from various services or manually 
entering email IDs. Those who are already site members get friend request. Users can thus quickly and easily grow their network on your site. Note that for this to be visible, you must place the ""Welcome: Invite Friends"" widget in this page from the Layout Editor. If you do not want this widget to be available in the Welcome Tab, then enter 0 below. This block will no more be visible to users in the Welcome Tab after their number of friends reaches the limit set by you.)."
"The Invite Friends block in the Welcome Tab requires either the ""%s"" or the ""%s"" plugin installed or enabled on your site. This block enables users to invite their contacts to become members of the site and their friends on it, by importing contacts from various services or manually entering email IDs. Those who are already site members get friend request. Users can thus quickly and easily grow their network on your site.";"The Invite Friends block in the Welcome Tab requires either the "%s" or the ""%s"" plugin installed or enabled on your site. This block enables users to invite their contacts to become members of the site and their friends on it, by importing contacts from various services or manually entering email IDs. Those who are already site members get friend request. Users can thus quickly and easily grow their network on your site." 
"People You May Know";"People You May Know"
"Enter the number of friends till which users should be shown the People You May Know block in the Welcome Tab (This block shows to users the people they may know and enables them to easily and quickly add them as friends to grow their network on your site. Note that for this to be visible, you must place the ""People you may know"" widget in this page from the Layout Editor. If you do not want this widget to be available in the Welcome Tab, then enter 0 below. This block will no more be visible to users in the Welcome Tab after their number of friends reaches the limit set by you.).";"Enter the number of friends till which users should be shown the  People You May Know block in the Welcome Tab (This block shows to users the people they may know and enables  them to easily and quickly add them as friends to grow their network on your site. Note that for this to be  visible, you must place the ""People you may know"" widget in this page from the Layout Editor. If you do not  want this widget to be available 
in the Welcome Tab, then enter 0 below. This block will no more be visible to users in the Welcome Tab after their number of friends reaches the limit set by you.)." 
"People You May Know Limit";"People You May Know Limit"
"How many suggestions do you want to display in the People You May Know block in the Welcome Tab? (Note: For this to be visible, please place the ""Welcome: Friends Suggestions"" widget in this Welcome page from the Layout Editor.)";"How many suggestions do you want to display in the People You May Know block in the  Welcome Tab? (Note: For this to be visible, please place the ""Welcome: Friends Suggestions"" widget in this Welcome page from the Layout Editor.)" 
"The People You May Know block in the Welcome Tab requires either the "%s" or the "%s" plugin installed or enabled on your site. This block shows to users the people they may know and enables them to easily and  quickly add them as friends to grow their network on your site.";"The People You May Know block in the Welcome  Tab requires either the "%s" or the "%s" plugin installed or enabled on your site. This block shows to users the people they may know and enables them to easily and quickly add them as friends to grow their network on your site."
"Search for People";"Search for People"
"Enter the number of friends till which users should be shown the Search for People block in the Welcome Tab (This block shows to users a search field to search for their friends who might be members of the site. This enables them to easily and quickly add them as friends to grow their network on your site. Note that for this to be visible, you must place the ""Welcome: Search for People"" widget in this page from the Layout Editor. If you do not want this widget to be available in the Welcome Tab, then enter 0 below. This block will no more be visible to users in the Welcome Tab after their number of friends reaches the limit set by you.).";"Enter the number of friends till which users should be shown the Search for People block in the Welcome Tab (This block shows to users a search field to search for their friends who might be members of the site. This enables them to easily and quickly add them as friends to grow their network on your site. Note that for this to be visible, you must place the ""Welcome: 
Search for People"" widget in this page from the Layout Editor. If you do not want this widget to be available in the Welcome Tab, then enter 0 below. This block will no more be visible to users in the Welcome Tab after their number of friends reaches the limit set by you.)."
"Profile Photo";"Profile Photo"
"Do you want the Profile Photo block to be available in the Welcome Tab for users who have not uploaded a profile photo (This block will enable users to easily and quickly upload a profile photo, thus increasing trust on your website. Note that for this to be visible, you must place the ""Welcome: Profile Photo Uploading"" widget in this page from the Layout Editor.)?";"Do you want the Profile Photo block to be available in the Welcome Tab for users who have not uploaded a profile photo (This block will enable users to easily and quickly upload a profile photo, thus increasing trust on your website. Note that for this to be visible, you must place the ""Welcome: Profile Photo Uploading"" widget in this page from the Layout Editor.)?"
"Suggestions";"Suggestions"
"Enter the number of days after signup till which users should be shown the Suggestions block in the Welcome Tab (This block shows to users suggestions of various content types of your site, thus enabling them to explore content and motivating them to generate their own content on your site. Note that for this to be visible, you must place the ""Explore Suggestions"" widget in this page from the Layout Editor. If you do not want this widget to be available in the Welcome Tab, then enter 0 below. This block will no more be visible to users in the Welcome Tab after their number of days after signup reaches the limit set by you. You can set the number of items to be visible in this from the Edit Settings for this widget.).";"Enter the number of days after signup till which users should be shown the Suggestions block in the Welcome Tab (This block shows to users suggestions of various content types of your site, thus enabling them to explore content and motivating them to generate their own content on your site. 
Note that for this to be visible, you must place the ""Explore Suggestions"" widget in this page from the Layout Editor. If you do not want this widget to be available in the Welcome Tab, then enter 0 below. This block will no more be visible to users in the Welcome Tab after their number of days after signup reaches the limit set by you. You can set the number of items to be visible in this from the Edit Settings for this widget.)."
"The Suggestions block in the Welcome Tab requires the ""%s"" plugin installed or enabled on your site. This block shows to users suggestions of various content types of your site, thus enabling them to explore content and motivating them to generate their own content on your site.";"The Suggestions block in the Welcome Tab requires the ""%s"" plugin installed or enabled on your site. This block shows to users suggestions of various content types of your site, thus enabling them to explore content and motivating them to generate their own content on your site."
"Most Liked Items (Popular Content)";"Most Liked Items (Popular Content)"
"Enter the number of days after signup till which users should be shown the Popular Content block in the Welcome Tab (This block shows to users the most Liked items of your site, thus enabling them to explore quality content on your site. Note that for this to be visible, you must place the ""Welcome: Most Liked Items"" widget in this page from the Layout Editor. If you do not want this widget to be available in the Welcome Tab, then enter 0 below. This block will no more be visible to users in the Welcome Tab after their number of days after signup reaches the limit set by you.).";"Enter the number of days after signup till which users should be shown the Popular Content block in the Welcome Tab (This block shows to users the most Liked items of your site, thus enabling them to explore quality content on your site. Note that for this to be visible, you must place the ""Welcome: Most Liked Items" widget in this page from the Layout Editor. If you do not want this widget to be available in the Welcome Tab, 
then enter 0 below. This block will no more be visible to users in the Welcome Tab after their number of days after signup reaches the limit set by you.)."
"Most Liked Items Limit";"Most Liked Items Limit"
"How many likes do you want to display in the most liked items block in the Welcome Tab? (Note: For this to be visible, please place the ""Most Liked Items"" widget in this Welcome page from the Layout Editor.)";"How many likes do you want to display in the most liked items block in the Welcome Tab? (Note: For this to be visible, please place the ""Most Liked Items"" widget in this Welcome page from the Layout Editor.)" 
"The Popular Content block in the Welcome Tab requires the FREE ""%s"" plugin installed and enabled on your site. This block shows to users the most Liked items of your site, thus enabling them to explore quality content on your site.";"The Popular Content block in the Welcome Tab requires the FREE ""%s"" plugin installed and enabled on your site. This block shows to users the most Liked items of your site, thus enabling them to explore quality content on your site."
"Most Liked Items (Popular Content)";"Most Liked Items (Popular Content)"



# File Path: Advancedactivity/Form/Photo.php

"Upload Your Profile Picture";"Upload Your Profile Picture"
"Current Photo";"Current Photo"
"Choose New Photo";"Choose New Photo"
"Cancel";"Cancel"



# File Path: Advancedactivity/Form/Report.php

"Report";"Report"
"Do you want to report this?";"Do you want to report this?"
"Type";"Type"
"(select)";"(select)"
"Spam";"Spam"
"Abuse";"Abuse"
"Inappropriate Content";"Inappropriate Content"
"Licensed Material";"Licensed Material"
"Other";"Other"
"Description";"Description"
"Submit Report";"Submit Report"
"Reasons";"Reasons"


# File Path: Advancedactivity/Form/Share.php

"Share";"Share"
"Share this by re-posting it with your own message.";"Share this by re-posting it with your own message."
"Publish this on Facebook";"Publish this on Facebook"
"Publish this on Twitter";"Publish this on Twitter"
"Not an item";"Not an item"



# File Path: Advancedactivity/Plugin/Composer/Tag.php

"post";"post";"posts"



# File Path: Advancedactivity/settings/content.php

"Advanced Activity Feeds";"Advanced Activity Feeds"
"Displays the advanced activity feeds on your site. This widget facilitates you to enable any of the 4 available tabs: Welcome, Site Activity Feeds, Facebook Feeds and Twitter Feed at various widget locations. On content profile / view pages, in site activity feeds, the feeds for respective content profile will show, whereas at other locations of this widget, overall site activity feeds will show. The Welcome, Facebook and Twitter tabs will not be shown on the content profile / view pages even if they are enabled. Facebook and Twitter tabs will show the logged-in user’s Facebook and Twitter feeds. It is recommended to place this widget where SocialEngine’s Core Activity Feed widget is placed.";"Displays the advanced activity feeds on your site. This widget facilitates you to enable any of the 4 available tabs: Welcome, Site Activity Feeds, Facebook Feeds and Twitter Feed at various widget locations. On content profile / view pages, in site activity feeds, the feeds for respective content profile will show, 
whereas at other locations of this widget, overall site activity feeds will show. The Welcome, Facebook and Twitter tabs will not be shown on the content profile / view pages even if they are enabled. Facebook and Twitter tabs will show the logged-in user’s Facebook and Twitter feeds. It is recommended to place this widget where SocialEngine’s Core Activity Feed widget is placed."
"Advanced Activities";"Advanced Activities"
"What\'s New";"What\'s New"
"Select the tabs that you want to be available in this block.";"Select the tabs that you want to be available in this block."
"Tabs";"Tabs"
"Welcome";"Welcome"
"Site Activity Feeds";"Site Activity Feeds"
"Facebook Feeds";"Facebook Feeds"
"Twitter Feeds";"Twitter Feeds"
"Welcome: Search for People";"Welcome: Search for People"
"This is a widget for the Welcome Tab. This block shows to users a search field to search for their friends who might be members of the site. This enables them to easily and quickly add them as friends to grow their network on your site.";"This is a widget for the Welcome Tab. This block shows to users a search field to search for their friends who might be members of the site. This enables them to easily and quickly add them as friends to grow their network on your site." 
"Welcome: Profile Photo Uploading";"Welcome: Profile Photo Uploading"
"This is a widget for the Welcome Tab. This block will enable users to easily and quickly upload a profile photo, thus increasing trust on your website.";"This is a widget for the Welcome Tab. This block will enable users to easily and quickly upload a profile photo, thus increasing trust on your website."
"Welcome: Custom Blocks";"Welcome: Custom Blocks"
"This is a widget for the Welcome Tab. You can use custom blocks to show welcome content to users which is different from the already available blocks. For example, you can introduce those features / aspects of your website that form your site's most important core features. To manage content of this widget, please go to the Custom Blocks tab in Welcome Settings of Advanced Activity Feeds plugin.";"This is a widget for the Welcome Tab. You can use custom blocks to show welcome content to users which is different from the already available blocks. For example, you can introduce those features / aspects of your website that form your site's most important core features. To manage content of this widget, please go to the Custom Blocks tab in Welcome Settings of Advanced Activity Feeds plugin."
"Welcome: Welcome Message";"Welcome: Welcome Message"
"This is a widget for the Welcome Tab. This block shows to users a welcome message with their name in it, thus increasing personalization on your website.";"This is a widget for the Welcome Tab. This block shows to users a welcome message with their name in it, thus increasing personalization on your website." 


# File Path: Advancedactivity/View/Helper/AaFluentList.php

"and";"and"



# File Path: Advancedactivity/widgets/advancedactivityfacebook-userfeed/Controller.php

"See people who like this item";"See people who like this item"
"others";"others"
"You and ";"You and "
"like this.";"like this."
"You like this.";"You like this."
"people";"people"



# File Path: Advancedactivity/widgets/advancedactivityfacebook-userfeed/index.tpl

"You need to be logged into Facebook to see your Facebook News Feed.";"You need to be logged into Facebook to see your Facebook News Feed."
"Click here";"Click here"
"Ask specific people to answer";"Ask specific people to answer"
"Ask Friends";"Ask Friends"
"You and %s like this.";"You and %s like this."
"View all %s Comments";"View all %s Comments"
"%s shares";"%s shares"
"Write a comment...";"Write a comment..."
"Post Comment";"Post Comment"
"No Feed items to display. Try";"No Feed items to display. Try"
"refreshing";"refreshing"
"%d new update is available - click this to show it.";"%d new update is available - click this to show it.";"%d new updates are available - click this to show them."
"What's on your mind?";"What's on your mind?"
"There are no more posts to show.";"There are no more posts to show."



# File Path: Advancedactivity/widgets/advancedactivitytwitter-userfeed/index.tpl

"You need to be logged into Twitter to see your Twitter tweets.";"You need to be logged into Twitter to see your Twitter tweets."
"Twitter is currently experiencing technical issues, please try again later.";"Twitter is currently experiencing technical issues, please try again later."
"Tweet";"Tweet"
"You will be able to vertically adjust the position of widgets on Welcome Tab page from the Layout Editor.";"You will be able to vertically adjust the position of widgets on Welcome Tab page from the Layout Editor."
"Welcome to %s, %s! What's next?";"Welcome to %s, %s! What's next?"
"Search for People";"Search for People"
"Search by name or look for classmates and coworkers.";"Search by name or look for classmates and coworkers."
"Search";"Search"
"Upload a profile picture";"Upload a profile picture"
"Upload a Photo";"Upload a Photo"
"From your computer";"From your computer"
"Welcome";"Welcome"
"What's New!";"What's New!"
"Facebook";"Facebook"
"Twitter";"Twitter"
"Connect to Facebook";"Connect to Facebook"
"Connect to Twitter";"Connect to Twitter"
"Logout";"Logout"
"Refresh";"Refresh"
"%d new update is available - click this to show it.";"%d new update is available - click this to show it.";"%d new updates are available - click this to show them."
"The post was not added to the feed. Please check your %1$sprivacy settings%2$s.";"The post was not added to the feed. Please check your %1$sprivacy settings%2$s."
"Activity Item Not Found";"Activity Item Not Found"
"The page you have attempted to access could not be found.";"The page you have attempted to access could not be found."
"Nothing has been posted here yet - be the first!";"Nothing has been posted here yet - be the first!"



# File Path: Advancedactivity/widgets/advancedactivityfacebook-userfeed/index.tpl

"Click here";"Click here"
"See More";"See More"
"%s";"%s"
"Leave a comment";"Leave a comment"
"Comment";"Comment"
"Show/Hide comments and likes";"Show/Hide comments and likes"
"Ask specific people to answer";"Ask specific people to answer"
"Ask Friends";"Ask Friends"



# File Path: Advancedactivity/views/scripts/admin-manage/content-lists.tpl

"Content Lists";"Content Lists"
"Below, you can choose and order the content types over which users should be able to filter their home page activity feeds. Drag and drop items to arrange their sequence. You can assign a higher positioning to content types that are more important for your community. You can also add a new content type below. You can add content type from any 3rd-party plugin also for filtering. <br /> With such content lists, users can see all updates for content of a particular type, like all updates from Pages, all updates related to Photos, etc.";"Below, you can choose and order the content types over which users should be able to filter their home page activity feeds. Drag and drop items to arrange their sequence. You can assign a higher positioning to content types that are more important for your community. You can also add a new content type below. You can add content type from any 3rd-party plugin also for filtering. <br /> With such content lists, users can see all updates for content of a particular type, like 
all updates from Pages, all updates related to Photos, etc."
"Add a Content Type";"Add a Content Type"
"Content Filter Type";"Content Filter Type"
"Title";"Title"
"Enabled";"Enabled"
"Options";"Options"
"Edit";"Edit"
"Disable Filtering over this Content Type";"Disable Filtering over this Content Type"
"Enable Filtering over this Content Type";"Enable Filtering over this Content Type"
"Delete";"Delete"
"Save Order";"Save Order"
"A change in the order of the tabs has been detected. If you click Cancel, all unsaved changes will be lost. Click OK to save change and proceed.";"A change in the order of the tabs has been detected. If you click Cancel, all unsaved changes will be lost. Click OK to save change and proceed."



# File Path: Advancedactivity/views/scripts/admin-manage/custom-lists.tpl

"Custom Lists";"Custom Lists"
"Below, you can choose and order the content types over which users should be able to create custom lists to filter their home page activity feeds. Drag and drop items to arrange their sequence. You can assign a higher positioning to content types that are more important for your community. You can also add a new content type for custom lists below. You can add content type from any 3rd-party plugin also for custom lists for filtering. <br />For every custom list, users can compose them from multiple items of different content types from the ones selected by you. It is recommended that for custom lists, you choose content types in which content have their own updates / activity feed, like Groups, Events, Directory Items / Pages, Listings, Users, etc. <br /> With their custom lists, users can choose to easily see updates from their favorite content items and friends that they are interested in. For example, a user can create a custom list called ""Football"" in which he can add a Group related to Football, a 
Football Event, a Page of Football Club, Friends he plays Football with, etc, so that he can receive updates related to Football in that list.";"Below, you can choose and order the content types over which users should be able to create custom lists to filter their home page activity feeds. Drag and drop items to arrange their sequence. You can assign a higher positioning to content types that are more important for your community. You can also add a new content type for custom lists below. You can add content type from any 3rd-party plugin also for custom lists for filtering. <br />For every custom list, users can compose them from multiple items of different content types from the ones selected by you. It is recommended that for custom lists, you choose content types in which content have their own updates / activity feed, like Groups, Events, Directory Items / Pages, Listings, Users, etc. <br /> With their custom lists, users can choose to easily see updates from their favorite content items and friends 
that they are interested in. For example, a user can create a custom list called ""Football"" in which he can add a Group related to Football, a Football Event, a Page of Football Club, Friends he plays Football with, etc, so that he can receive updates related to Football in that list."
"Resource Type";"Resource Type"
"Disable from Custom Lists";"Disable from Custom Lists"
"Enable from Custom Lists";"Enable from Custom Lists"



# File Path: Advancedactivity/views/scripts/admin-manage/delete-content.tpl

"Delete Content Type?";"Delete Content Type?"
"Are you sure that you want to delete this Content? It will not be recoverable after being deleted.";"Are you sure that you want to delete this Content? It will not be recoverable after being deleted."



# File Path: Advancedactivity/views/scripts/admin-manage/delete-custom.tpl

"Are you sure that you want to delete this content type from availability for custom lists? You can also choose to disable it from custom lists using the icon in the table.";"Are you sure that you want to delete this content type from availability for custom lists? You can also choose to disable it from custom lists using the icon in the table."



# File Path: Advancedactivity/views/scripts/admin-manage/navigation.tpl

"Manage Lists";"Manage Lists"
"Lists enable users to filter activity feeds. Users can filter based on already existing lists, or create custom lists by choosing friends and content. Below, you can highly configure the way lists work for users.";"Lists enable users to filter activity feeds. Users can filter based on already existing lists, or create custom lists by choosing friends and content. Below, you can highly configure the way lists work for users."



# File Path: Advancedactivity/views/scripts/admin-report/index.tpl

"Are you sure that you want to delete this report?";"Are you sure that you want to delete this report?"
"Abuse Reports";"Abuse Reports"
"This page lists all of the reports your users have sent in regarding inappropriate activity feeds content. Below, you can view the content for each report by using the ""take action"" option and can perform various actions on the report.";"This page lists all of the reports your users have sent in regarding inappropriate activity feeds content. Below, you can view the content for each report by using the ""take action"" option and can perform various actions on the report."
"%s report found";"%s report found";"%s reports found"
"ID";"ID"
"Reporter";"Reporter"
"Description";"Description"
"Date";"Date"
"Options";"Options"
"take action";"take action"
"dismiss";"dismiss"
"Dismiss Selected";"Dismiss Selected"
"There are currently no outstanding abuse reports.";"There are currently no outstanding abuse reports."



# File Path: Advancedactivity/views/scripts/admin-report/delete.tpl

"Delete Report?";"Delete Report?"
"Are you sure that you want to delete this report? It will not be recoverable after being deleted.";"Are you sure that you want to delete this report? It will not be recoverable after being deleted."
"or";"or"
"Shared with %s";"Shared with %s"



# File Path: Advancedactivity/views/scripts/admin-settings/custom-block-create.tpl

"Back to Custom Blocks for Welcome Tab";"Back to Custom Blocks for Welcome Tab"
"Number of friends";"Number of friends"
"Number of days since signup";"Number of days since signup"



# File Path: Advancedactivity/views/scripts/admin-settings/custom-block-delete.tpl

"Delete this Custom Block?";"Delete this Custom Block?"
"Are you sure that you want to delete this Custom Block? It will not be recoverable after being deleted.";"Are you sure that you want to delete this Custom Block? It will not be recoverable after being deleted."



# File Path: Advancedactivity/views/scripts/admin-settings/enabled.tpl

"Disable this Custom Block?";"Disable this Custom Block?"
"Are you sure that you want to disable this block from Custom Blocks? After being disabled this will not be shown in the Welcome Tab.";"Are you sure that you want to disable this block from Custom Blocks? After being disabled this will not be shown in the Welcome Tab."
"Disable";"Disable"
"Enable this Custom Block?";"Enable this Custom Block?"
"Are you sure that you want to enable this block in Custom Blocks? After being enabled this will be shown in the Welcome Tab.";"Are you sure that you want to enable this block in Custom Blocks? After being enabled this will be shown in the Welcome Tab."
"Enable";"Enable"
"<div class=""tip""><span>Note: Your website does not have the latest version of ""%s"". Please upgrade ""%s"" on your website to the latest version available in your SocialEngineAddOns Client Area to enable its integration with ""Advanced Activity Feeds / Wall Plugin"".</span></div>";"<div class=""tip""><span>Note: Your website does not have the latest version of ""%s"". Please upgrade ""%s"" on your website to the latest version available in your SocialEngineAddOns Client Area to enable its integration with ""Advanced Activity Feeds / Wall Plugin"".</span></div>" 
"The Facebook Application details (App ID or App Secret) entered by you are incorrect. Please click <a href=""%s/admin/user/settings/facebook"" target= ""_blank"" >here</a> to enter them correctly.";"The Facebook Application details (App ID or App Secret) entered by you are incorrect. Please click <a href=""%s/admin/user/settings/facebook"" target= ""_blank"" >here</a> to enter them correctly."
"The Twitter Application details (App ID or App Secret) entered by you are incorrect. Please click <a href=""%s/admin/user/settings/twitter"" target= ""_blank"" >here</a> to enter them correctly.";"The Twitter Application details (App ID or App Secret) entered by you are incorrect. Please click <a href=""%s/admin/user/settings/twitter"" target= ""_blank"" >here</a> to enter them correctly." 


# File Path: Advancedactivity/views/scripts/admin-settings/manage-custom-block.tpl

"A change in the order has been detected. If you click OK, all unsaved changes will be lost. Click Cancel to stay on this page and save your changes.";"A change in the order has been detected. If you click OK, all unsaved changes will be lost. Click Cancel to stay on this page and save your changes."
"Are you sure you want to delete the selected Custom Block? They will not be recoverable after being deleted.";"Are you sure you want to delete the selected Custom Block? They will not be recoverable after being deleted."
"Custom Blocks for Welcome Tab";"Custom Blocks for Welcome Tab"

"Below you can create and manage Custom Blocks for the Welcome Tab. You can use custom blocks to show welcome content to users which is different from the already available blocks. For example, you can introduce those features / aspects of your website that form your site's most important core features. You can order the blocks in desired sequence using drag-and-drop below. Note that for custom blocks to be visible, you must place the ""Welcome: Custom Blocks"" widget in Welcome Tab page from the Layout Editor.";"Below you can create and manage Custom Blocks for the Welcome Tab. You can use custom blocks to show welcome content to users which is different from the already available blocks. For example, you can introduce those features / aspects of your website that form your site's most important core features. You can order the blocks in desired sequence using drag-and-drop below. Note that for custom blocks to be visible, you must place the ""Welcome: Custom Blocks"" widget in Welcome Tab page from the 
Layout Editor."


"Successfully create";"Successfully create"
"Custom Block.";"Custom Block."
"Back to Welcome Tab Settings";"Back to Welcome Tab Settings"
"Block Title";"Block Title"
"Limitation";"Limitation"
"Status";"Status"
"Friend: %s";"Friend: %s";"Friends: %s"
"Signup Day: %s";"Signup Day: %s";"Signup Days: %s"
"Enable from Welcome Tab";"Enable from Welcome Tab"
"Disable from Welcome Tab";"Disable from Welcome Tab"
"edit";"edit"
"delete";"delete"
"Delete Selected";"Delete Selected"
"There are no custom block available.";"There are no custom block available."



# File Path: Advancedactivity/views/scripts/admin-settings/readme.tpl

"Please go through these important points and proceed by clicking the button at the bottom of this page.";"Please go through these important points and proceed by clicking the button at the bottom of this page."
"Proceed to enter License Key";"Proceed to enter License Key"



# File Path: Advancedactivity/views/scripts/admin-settings/welcome-settings.tpl

"You will be able to vertically adjust the position of widgets on Welcome Tab page from the Layout Editor.";"You will be able to vertically adjust the position of widgets on Welcome Tab page from the Layout Editor."
"Welcome Tab Settings";"Welcome Tab Settings"
"Below, you can configure the settings for the various blocks of Welcome Tab. Note that the Welcome Tab content can be placed anywhere on your website from the Layout Editor. It is a part of the Advanced Activity Feeds widget, and you can choose to show this tab from the Edit Settings of the widget.<br />You can use this feature to show welcome / introductory content to users. This tab will display welcome content to users and enable them to quickly familiarize and grow their network in your community. There are some pre-built widgets for this tab which easily and quickly get users going on your website, and you can also create your custom content. This feature enables users to quickly get familiar with your website, thus converting signups to frequent logins.<br />With below intelligent settings, you can configure Welcome Tab content such that different users are shown different content depending on their number of friends, and days since signup on you site.<br />You will be able to vertically adjust the 
position of widgets on Welcome Tab page from the <a href=""%s"">Layout Editor</a>.<br />";"Below, you can configure the settings for the various blocks of Welcome Tab. Note that the Welcome Tab content can be placed anywhere on your website from the Layout Editor. It is a part of the Advanced Activity Feeds widget, and you can choose to show this tab from the Edit Settings of the widget.<br />You can use this feature to show welcome / introductory content to users. This tab will display welcome content to users and enable them to quickly familiarize and grow their network in your community. There are some pre-built widgets for this tab which easily and quickly get users going on your website, and you can also create your custom content. This feature enables users to quickly get familiar with your website, thus converting signups to frequent logins.<br />With below intelligent settings, you can configure Welcome Tab content such that different users are shown different content depending on their number of 
friends, and days since signup on you site.<br />You will be able to vertically adjust the position of widgets on Welcome Tab page from the <a href=""%s"">Layout Editor</a>.<br />"



# File Path: Advancedactivity/views/scripts/custom-list/get-content-items.tpl

"No items were found matching this criteria.";"No items were found matching this criteria."
"Loading ...";"Loading ..."



# File Path: Advancedactivity/views/scripts/custom-list/edit.tpl
"Edit your list for viewing updates by choosing content items and friends below.";"Edit your list for viewing updates by choosing content items and friends below."
"Enter List Title...";"Enter List Title..."
"Search";"Search"
"Choose:";"Choose:"
"Selected (%s)";"Selected (%s)"
"Edit list with %s items";"Edit list with %s items"
"Please enter a List Title.";"Please enter a List Title."



# File Path: Advancedactivity/views/scripts/custom-list/create.tpl

"Create a new list for viewing updates by choosing content items and friends below.";"Create a new list for viewing updates by choosing content items and friends below."
"Choose :";"Choose :"
"Create list with %s items";"Create list with %s items"
"Please enter a List Title.";"Please enter a List Title."



# File Path: Advancedactivity/views/scripts/feed/edit-hide-options.tpl

"Edit Activity Feed Settings";"Edit Activity Feed Settings"
"You have hidden Activity Feeds from:";"You have hidden Activity Feeds from:"
"Remove";"Remove"
"You have not hidden activity feeds from any sources.";"You have not hidden activity feeds from any sources."
"Save";"Save"



# File Path: Advancedactivity/views/scripts/feed/get-others-post.tpl

"Members";"Members"
"View More";"View More"
"Close";"Close"



# File Path: Advancedactivity/views/scripts/feed/remove-tag.tpl

"Remove Tag?";"Remove Tag?"
"Are you sure that you want to remove this tag?";"Are you sure that you want to remove this tag?"
"Continue";"Continue"



# File Path: Advancedactivity/views/scripts/feed/tag-friend.tpl

"Tag Friends";"Tag Friends"
"Search by Name";"Search by Name"
"Selected";"Selected"
"Search all friends";"Search all friends"
"No friend were found.";"No friend were found."
"Submit";"Submit"



# File Path: Advancedactivity/views/scripts/feed/view-more-results.tpl

"Tagged Friends";"Tagged Friends"



# File Path: Advancedactivity/views/scripts/index/viewcomment.tpl

"Comment:";"Comment:"
"Images has been set successfully.";"Images has been set successfully."



# File Path: Advancedactivity/views/scripts/index/share-item.tpl

"People Who Shared This";"People Who Shared This"
"You can only see shares that are visible to you in your activity feeds.";"You can only see shares that are visible to you in your activity feeds."



# File Path: Advancedactivity/views/scripts/index/index.tpl

"Emoticons";"Emoticons"



# File Path: Advancedactivity/views/scripts/index/delete.tpl

"Delete Comment?";"Delete Comment?"
"Delete Activity Item?";"Delete Activity Item?"
"Are you sure that you want to delete this comment? This action cannot be undone.";"Are you sure that you want to delete this comment? This action cannot be undone."
"Are you sure that you want to delete this activity item and all of its comments? This action cannot be undone.";"Are you sure that you want to delete this activity item and all of its comments? This action cannot be undone."



# File Path: Advancedactivity/views/scripts/index/add-more-list.tpl

"Start typing...";"Start typing..."
"Share with %s";"Share with %s"
"Enter the lists of friends with which you want to share this post.";"Enter the lists of friends with which you want to share this post."
"These Friend Lists";"These Friend Lists"
"You can add maximum of 10 lists.";"You can add maximum of 10 lists."
"Done";"Done"
"There are currently no activity feed.";"There are currently no activity feed."



# File Path: Advancedactivity/views/scripts/widgets-feed/profile-content-tabs.tpl

"Owner";"Owner"
"Friends";"Friends"
"Everyone";"Everyone"



# File Path: Advancedactivity/views/scripts/widgets-feed/content-tabs.tpl

"Edit this List";"Edit this List"
"Create a List";"Create a List"
"Settings";"Settings"
"Filter";"Filter"



# File Path: Advancedactivity/views/scripts/_aafcomposer.tpl

"Add People";"Add People"
"Insert Emoticons";"Insert Emoticons"
"Who are you with?";"Who are you with?"
"Share with %s";"Share with %s"
"Everyone";"Everyone"
"Friends &amp; Networks";"Friends &amp; Networks"
"Friends Only";"Friends Only"
"Choose multiple Friend Lists to share with.";"Choose multiple Friend Lists to share with."
"Custom";"Custom"
"Post Something...";"Post Something..."
"You have currently not organized your friends into lists. To create new friend lists, go to the "Friends" section of ";"You have currently not organized your friends into lists. To create new friend lists, go to the "Friends" section of "
"your profile";"your profile"
"You have currently created only one list to organize your friends. Create more friend lists from the
"Friends" section of ";"You have currently created only one list to organize your friends. Create more friend lists from the "Friends" section of "



# File Path: Advancedactivity/views/scripts/_activityText.tpl

"The action you are looking for does not exist.";"The action you are looking for does not exist."
"This story is now hidden from your Activity Feed.";"This story is now hidden from your Activity Feed."
"Undo";"Undo"
"Hide all by ";"Hide all by "
"To mark it offensive, please ";"To mark it offensive, please "
"file a report";"file a report"
"Stories from %s are hidden now and will not appear in your Activity Feed anymore.";"Stories from %s are hidden now and will not appear in your Activity Feed anymore."
"Hide";"Hide"
"Report Feed";"Report Feed"
"Hide all by %s";"Hide all by %s"
"Delete Post";"Delete Post"
"Unlike";"Unlike"
"Like";"Like"
"Like this item";"Like this item"
"Leave a comment";"Leave a comment"
"Tag Friends";"Tag Friends"
"Tag more friends";"Tag more friends"
"Remove Tag";"Remove Tag"
"Share this by re-posting it with your own message.";"Share this by re-posting it with your own message."
"%s share";"%s share";"%s shares"
"%s likes this.";"%s likes this.";"%s like this."
"%s person likes this";"%s person likes this";"%s people like this"
"View all %s comment";"View all %s comment";"View all %s comments"
"Delete Comment";"Delete Comment"
"Are you sure that you want to delete this activity item? This action cannot be undone.";"Are you sure that you want to delete this activity item? This action cannot be undone."
"Are you sure that you want to delete this comment? This action cannot be undone.";"Are you sure that you want to delete this comment? This action cannot be undone."
"Delete Comment?";"Delete Comment?"
 


# File Path: Advancedactivity/views/scripts/_birthdayActivityText.tpl

"%1$s  wrote on %2$s's Wall for birthday.";"%1$s  wrote on %2$s's Wall for birthday."
"%1$s  and %2$s also wrote on %3$s's Wall for birthday.";"%1$s  and %2$s also wrote on %3$s's Wall for birthday."
"%s other friends";"%s other friends"
"%1$s  and %2$s also wrote on %3$s's Wall for birthday.";"%1$s  and %2$s also wrote on %3$s's Wall for birthday."
"Birthday:";"Birthday:"
"Write on %s's Wall";"Write on %s's Wall"
"Write on %s's Wall...";"Write on %s's Wall..."
"See %1$s more feed";"See %1$s more feed";"See %1$s more feeds"



# File Path: Advancedactivity/views/scripts/_composeFacebook.tpl

"Publish this on Facebook";"Publish this on Facebook"
"Publish this on ";"Publish this on "
"Publish this on Twitter";"Publish this on Twitter"
"Edit Thumbnail";"Edit Thumbnail"
"Apply Changes";"Apply Changes"
"The action you are looking for does not exist.";"The action you are looking for does not exist."



"ADVANCED_ACTIVITY_PLUGIN_NAME";"Advanced Activity Feeds / Wall"
"Plugin";"Plugin"
"AAF_HIDE_USER_TYPE_TITLE";"Users"
"AAF_HIDE_SITEPAGE_PAGE_TYPE_TITLE";"Pages"

# notify_sitepage_tagged
"_EMAIL_NOTIFY_SITEPAGE_TAGGED_TITLE";"Page Tagged"
"_EMAIL_NOTIFY_SITEPAGE_TAGGED_DESCRIPTION";"This email is sent to the member when someone tags thier page."
"_EMAIL_NOTIFY_SITEPAGE_TAGGED_SUBJECT";"[subject_title] has tagged [page_title] in a [object_type_name]."
"_EMAIL_NOTIFY_SITEPAGE_TAGGED_BODY";"[header]

[subject_title] has tagged [page_title] in a [object_type_name]. To view the post, please click on the link below :

http://[host][object_link]

[footer]"

"_WELCOME_MESSAGE_STRING";"Welcome to [COMMUNITY_NAME], [VIEWER_TITLE]! What's next?"

##### Webcam Languages #####
"Take a Profile Picture";"Take a Profile Picture"
"Capture";"Capture"
"Re-take";"Re-take"

"ACTIVITY_TYPE_AAF_TAGGED";"When my content is tagged."

# notify_aaf_tagged
"_EMAIL_NOTIFY_AAF_TAGGED_TITLE";"Item Tagged"
"_EMAIL_NOTIFY_AAF_TAGGED_DESCRIPTION";"This email is sent to the member when someone tags thier content."
"_EMAIL_NOTIFY_AAF_TAGGED_SUBJECT";"[subject_title] has tagged [item_title] in a [object_type_name]."
"_EMAIL_NOTIFY_AAF_TAGGED_BODY";"[header]

[subject_title] has tagged [item_title] in a [object_type_name]. To view the post, please click on the link below :

http://[host][object_link]

[footer]"


"Cancel";"Cancel"
"Send Message";"Send Message"
"or";"or"
"Send a message";"Send a message"
"To:";"To:"
"Subject";"Subject:"
"Message";"Message"
"LinkedIn is currently experiencing technical issues, please try again later.";"LinkedIn is currently experiencing technical issues, please try again later."
"Post Comment";"Post Comment"
"See previous comments";"See previous comments"
"Comment";"Comment"
"Click to comment on this update";"Click to comment on this update"
"Click to unlike this update";"Click to unlike this update"
"Clike to like this update";"Clike to like this update"
"is now your connection.";"is now your connection."
"has an updated profile";"has an updated profile"
"has added new profile links:";"has added new profile links:"
"has an updated current title:";"has an updated current title:"
"more";"more"
"has added skills:";"has added skills:"
"joined the group";"joined the group"
" has a new profile photo";" has a new profile photo"
"is now connected to";"is now connected to"
"You need to be logged into LinkedIn to see your LinkedIn Connections Feed.";"You need to be logged into LinkedIn to see your LinkedIn Connections Feed."
"Connect to LinkedIn";"Connect to LinkedIn"
"LinkedIn";"LinkedIn"
"recommends";"recommends"
"Do not publish this on Facebook";"Do not publish this on Facebook"
"Do not publish this on Twitter";"Do not publish this on Twitter"
"Do not publish this on LinkedIn";"Do not publish this on LinkedIn"
"Publish this on LinkedIn";"Publish this on LinkedIn"
"Your message was successfully sent.";"Your message was successfully sent."
"An error occured. Please try again after some time.";"An error occured. Please try again after some time."
"Disable Comments";" Disable Comments"
"Enable Comments";"Enable Comments"
"Lock this Feed";"Lock this Feed"
"Unlock this Feed";"Unlock this Feed"
"Multiple Networks";"Multiple Networks"
"Choose multiple Networks to share with.";"Choose multiple Networks to share with."
"Multiple Friend Lists";"Multiple Friend Lists"
"ADMIN_ACTIVITY_TYPE_SHARE";"When a user (subject) shares content and activity feeds."
"_ACTIVITY_ACTIONTYPE_SHARE";"Shared"
"shared";"shared"
"a link"; "a link"
"%1$s and %2$s ";"%1$s and %2$s "
"%s others";"%s others"
" likes";" likes"
"like ";"like "
"Load Previous Comments": "Load Previous Comments"
"Write a comment...";"Write a comment..."
"Post a comment...";"Post a comment..."
"Feed Link";"Feed Link"
"Loading...";"Loading..."
"Enter the location:";"Enter the location:"
"Detect my current location";"Detect my current location"
"Refresh";"Refresh"
"This action cannot be undone.";"This action cannot be undone."
"Are you sure that you want to delete this activity item?";"Are you sure that you want to delete this activity item?"
"Select the networks with which you want to share this post.";"Select the networks with which you want to share this post."
"Add Photo"; "Add Photo"
"Start typing a name...";"Start typing a name..."
"Add Post In %s";"Add Post In %s"
"Add Post";"Add Post"
"ADMIN_ACTIVITY_TYPE_POST_SELF_PHOTO";"When a user (subject) posts a photo."
"_ACTIVITY_ACTIONTYPE_POST_SELF_PHOTO";"Posting a status update with photo on your own profile"
"ADMIN_ACTIVITY_TYPE_POST_SELF_VIDEO";"When a user (subject) posts a video."
"_ACTIVITY_ACTIONTYPE_POST_SELF_VIDEO";"Posting a status update with video on your own profile"
"ADMIN_ACTIVITY_TYPE_POST_SELF_LINK";"When a user (subject) posts a link."
"_ACTIVITY_ACTIONTYPE_POST_SELF_LINK";"Posting a status update with link on your own profile"
"ADMIN_ACTIVITY_TYPE_POST_SELF_MUSIC";"When a user (subject) posts a music."
"_ACTIVITY_ACTIONTYPE_POST_SELF_MUSIC";"Posting a status update with music on your own profile"
"Posted via";"Posted via"
"was at";"was at"
"at";"at"
"{item:$subject} shared {item:$object}'s {var:$type}. {body:$body}";"{item:$subject} shared {item:$object}'s {var:$type}. <br /> {body:$body}"
"with";"with"
"Choose places to publish on Facebook";"Choose places to publish on Facebook"
"Publish this post on Facebook %1s linked with this %2s.";"Publish this post on Facebook %1s linked with this %2s."
"Publish this post on my Facebook Timeline.";"Publish this post on my Facebook Timeline."
"Update Status";"Update Status"
"Create Photo Album;"Create Photo Album"
"ACTIVITY_CATEGORY_TYPE_ADVANCEDACTIVITY";"General"

# enhancement 4.9.4p1
"This will not be visible to anyone unless shared by you.";"This will not be visible to anyone unless shared by you."
"See more memories";"See more memories"
"Wishes you happy birthday !";"Wishes you happy birthday !"
"Hey! %s , It\'s %s birthday today. help him/her to celebrate their birthday";"Hey! %s , It\'s %s birthday today. help him/her to celebrate their birthday"
"Add More Friends";"Add More Friends"
"Add Friends to See More Posts ?";"Add Friends to See More Posts ?"
"Find Friends";"Find Friends"
"Schedule Your Post";"Schedule Your Post"
"Select date and time on which you want to publish your post";"Select date and time on which you want to publish your post"
"Schedule";"Schedule"
"Target your Post";"Target your Post"
"How are you feeling?";"How are you feeling?"
"What are you attending?";"What are you attending?"
"What are you celebrating?";"What are you celebrating?"
"What are you getting?";"What are you getting?"
"What are you eating?";"What are you eating?"
"What are you drinking?";"What are you drinking?"
"What are you looking for?";"What are you looking for?"
"What are you making?";"What are you making?"
"Who are you meeting?";"Who are you meeting?"
"What are you remembering?";"What are you remembering?"
"Which are you thinking about?";"Which are you thinking about?"
"What are you reading?";"What are you reading?"
"What are you doing?";"What are you doing?"
"attending";"attending"
"celebrating";"celebrating"
"custom";"custom"
"drinking";"drinking"
"eating";"eating"
"feeling";"feeling"
"getting";"getting"
"looking for";"looking for"
"making";"making"
"meeting";"meeting"
"rememberring";"rememberring"
"thinking about";"thinking about"
"a birthday party";"a birthday party"
"a businees meeting";"a businees meeting"
"a company event";"a company event"
"a conference";"a conference"
"a family day";"a family day"
"a festival";"a festival"
"a live concert";"a live concert"
"a marriage ceremony";"a marriage ceremony"
"a meeting";"a meeting"
"a merriage ceremony";"a merriage ceremony"
"an engagement ceremony";"an engagement ceremony"
"an event";"an event"
"a party";"a party"
"a seminar";"a seminar"
"a training";"a training"
"a wedding";"a wedding"
"a wedding reception";"a wedding reception"
"a workshop";"a workshop"
"church";"church"
"school collage";"school collage"
"work";"work"
"july";"july"
"a birthday";"a birthday"
"an anniversary";"an anniversary"
"another birthday";"another birthday"
"another year of life";"another year of life"
"Another year of life";"Another year of life"
"another year";"another year"
"baby shower";"baby shower"
"birthdays";"birthdays"
"Birthdays";"Birthdays"
"canada day";"canada day"
"Canada Day";"Canada Day"
"childern's day";"childern's day"
"Children's day";"Children's day"
"christmas day";"christmas day"
"Christmas Day";"Christmas Day"
"durga puja";"durga puja"
"Durga Puja";"Durga Puja"
"easter day";"easter day"
"Easter";"Easter"
"Easter Sunday";"Easter Sunday"
"eid";"eid"
"engagement";"engagement"
"every day";"every day"
"everyday";"everyday"
"father's day";"father's day"
"Father's Day";"Father's Day"
"fourth of july";"fourth of july"
"Fourth of July";"Fourth of July"
"friendship";"friendship"
"Ganesh Chaturthi";"Ganesh Chaturthi"
"graduation";"graduation"
"halloveen";"halloveen"
"Halloween";"Halloween"
"holidays";"holidays"
"independance day";"independance day"
"independance";"independance"
"independence day";"independence day"
"independence";"independence"
"International Women's day";"International Women's day"
"International Women's Day";"International Women's Day"
"international yoga day";"international yoga day"
"International Yoga Day";"International Yoga Day"
"life";"life"
"love";"love"
"lunar new year";"lunar new year"
"Lunar New Year";"Lunar New Year"
"Makar sakranti";"Makar sakranti"
"Makar Sankranti";"Makar Sankranti"
"man united win";"man united win"
"Man united win";"Man united win"
"midsummer eve";"midsummer eve"
"Midsummer Eve";"Midsummer Eve"
"mother's day";"mother's day"
"Mother's Day";"Mother's Day"
"my brother's birthday";"my brother's birthday"
"my dad's birthday";"my dad's birthday"
"my day";"my day"
"my mom's birthday";"my mom's birthday"
"my mother's birthday";"my mother's birthday"
"my mother's day";"my mother's day"
"my mum's birthday";"my mum's birthday"
"My mum's birthday";"My mum's birthday"
"my new job";"my new job"
"my sister's birthday";"my sister's birthday"
"new year's eve";"new year's eve"
"New Year's Eve";"New Year's Eve"
"our birthdays";"our birthdays"
"our special day";"our special day"
"our wedding anniversary";"our wedding anniversary"
"pongal";"pongal"
"Pongal";"Pongal"
"raksha bandhan";"raksha bandhan"
"Raksha Bandhan";"Raksha Bandhan"
"ramadan";"ramadan"
"Ramadan";"Ramadan"
"real madrid win";"real madrid win"
"real Madrid win";"real Madrid win"
"recovery";"recovery"
"saturday";"saturday"
"something";"something"
"spring";"spring"
"Spring";"Spring"
"star wars day";"star wars day"
"Star Wars Day";"Star Wars Day"
"success";"success"
"Success";"Success"
"summer";"summer"
"teacher's day";"teacher's day"
"Teacher's Day";"Teacher's Day"
"thanksgiving day";"thanksgiving day"
"Thanksgiving Day";"Thanksgiving Day"
"the birthday";"the birthday"
"The Easter Holidays";"The Easter Holidays"
"the end of the semester";"the end of the semester"
"the holiday";"the holiday"
"their birthdays";"their birthdays"
"the queen's day";"the queen's day"
"the Queen's Day";"the Queen's Day"
"the start of spring";"the start of spring"
"the strart of spring";"the strart of spring"
"the summer solstice";"the summer solstice"
"the Summer Solstice";"the Summer Solstice"
"this great day";"this great day"
"this special day";"this special day"
"this Special day";"this Special day"
"this weekend";"this weekend"
"vaisakhi";"vaisakhi"
"Vaisakhi";"Vaisakhi"
"victory";"victory"
"vietnamese women's day";"vietnamese women's day"
"Vietnamese Women's Day";"Vietnamese Women's Day"
"Winter";"Winter"
"world teacher's day";"world teacher's day"
"your day";"your day"
"your life";"your life"
"your special day";"your special day"
"chilling";"chilling"
"enjoying";"enjoying"
"enjoying the day";"enjoying the day"
"enjoying the rain";"enjoying the rain"
"enjoying the weather";"enjoying the weather"
"falling in love";"falling in love"
"feeling sick";"feeling sick"
"looking forward to the day";"looking forward to the day"
"missing someone";"missing someone"
"praying for a miracle";"praying for a miracle"
"Praying for a miracle";"Praying for a miracle"
"relaxing";"relaxing"
"shopping";"shopping"
"singing";"singing"
"sleeping";"sleeping"
"woking";"woking"
"working out";"working out"
"working";"working"
"work out";"work out"
"anything alcoholic";"anything alcoholic"
"bear brand powdered milk drink";"bear brand powdered milk drink"
"beer";"beer"
"birthday cake";"birthday cake"
"capuccino";"capuccino"
"Capuccino";"Capuccino"
"chai";"chai"
"cocktails";"cocktails"
"cold coffee with ice cream";"cold coffee with ice cream"
"cold coffee with icecream";"cold coffee with icecream"
"eating lunch";"eating lunch"
"having breakfast";"having breakfast"
"having dinner";"having dinner"
"hot coffee";"hot coffee"
"kaffee";"kaffee"
"Kaffee";"Kaffee"
"kingfisher";"kingfisher"
"tea";"tea"
"wine";"wine"
"bar b q tonight";"bar b q tonight"
"BAR B Q tonight";"BAR B Q tonight"
"biryani";"biryani"
"breakfast";"breakfast"
"burgers";"burgers"
"cake";"cake"
"chicken";"chicken"
"dinner and drinking cocktails";"dinner and drinking cocktails"
"dinner";"dinner"
"dinner with drinking cocktails";"dinner with drinking cocktails"
"dinner with family";"dinner with family"
"eating breakfast";"eating breakfast"
"having coffee";"having coffee"
"ice cream";"ice cream"
"indian food";"indian food"
"italian";"italian"
"Italian";"Italian"
"lunch";"lunch"
"pizza with coke";"pizza with coke"
"rainforest cafe";"rainforest cafe"
"stuffing our faces";"stuffing our faces"
"sunday lunch";"sunday lunch"
"Sunday lunch";"Sunday lunch"
"tea";"tea"
"accomplished";"accomplished"
"alone";"alone"
"amazed";"amazed"
"amazing";"amazing"
"amused";"amused"
"angry";"angry"
"annoyed";"annoyed"
"anxious";"anxious"
"awake";"awake"
"awesome";"awesome"
"beautiful";"beautiful"
"better";"better"
"blah";"blah"
"blessed";"blessed"
"blissful";"blissful"
"bored";"bored"
"broken";"broken"
"chill";"chill"
"cold";"cold"
"concerned";"concerned"
"confident";"confident"
"confused";"confused"
"content";"content"
"cool";"cool"
"crappy";"crappy"
"crazy";"crazy"
"curious";"curious"
"cute";"cute"
"delighted";"delighted"
"depredded";"depredded"
"determined";"determined"
"disappointed";"disappointed"
"disgusted";"disgusted"
"down";"down"
"drained";"drained"
"drunk";"drunk"
"embaressed";"embaressed"
"emotional";"emotional"
"energised";"energised"
"entertained";"entertained"
"excited";"excited"
"exhausted";"exhausted"
"fabulous";"fabulous"
"fed up";"fed up"
"festive";"festive"
"free";"free"
"fresh";"fresh"
"frustrated";"frustrated"
"full";"full"
"funny";"funny"
"furious";"furious"
"good";"good"
"greatful";"greatful"
"great";"great"
"happy";"happy"
"heartbroken";"heartbroken"
"hopeful";"hopeful"
"hopeless";"hopeless"
"hot";"hot"
"hung over";"hung over"
"hungry";"hungry"
"hurt";"hurt"
"hyper";"hyper"
"ill";"ill"
"impatient";"impatient"
"incomplete";"incomplete"
"in love";"in love"
"inspired";"inspired"
"irritated";"irritated"
"joyful";"joyful"
"lazy";"lazy"
"lonely";"lonely"
"lost";"lost"
"loved";"loved"
"lovely";"lovely"
"low";"low"
"lucky";"lucky"
"meh";"meh"
"motivated";"motivated"
"naughty";"naughty"
"nervous";"nervous"
"nostalgic";"nostalgic"
"old";"old"
"optimistic";"optimistic"
"pained";"pained"
"peaceful";"peaceful"
"perplexed";"perplexed"
"positive";"positive"
"proud";"proud"
"pumped";"pumped"
"ready";"ready"
"refreshed";"refreshed"
"relaxed";"relaxed"
"relieved";"relieved"
"sad";"sad"
"sarcastic";"sarcastic"
"satisfied";"satisfied"
"scared";"scared"
"Shaandaar";"Shaandaar"
"shattered";"shattered"
"shocked";"shocked"
"sick";"sick"
"silly";"silly"
"sleepy";"sleepy"
"sore";"sore"
"sorry";"sorry"
"special";"special"
"stressed";"stressed"
"strong";"strong"
"stuffed";"stuffed"
"stupid";"stupid"
"super";"super"
"surprised";"surprised"
"thankful";"thankful"
"thoughtful";"thoughtful"
"tired";"tired"
"upset";"upset"
"wonderful";"wonderful"
"worried";"worried"
"a bite to eat";"a bite to eat"
"a new phone";"a new phone"
"an iphone";"an iphone"
"a passport";"a passport"
"breakfast";"breakfast"
"cash";"cash"
"coffee";"coffee"
"dessert";"dessert"
"drinks";"drinks"
"food";"food"
"groceries";"groceries"
"icecream";"icecream"
"lunch";"lunch"
"notifications";"notifications"
"packages";"packages"
"pizza";"pizza"
"some grub";"some grub"
"tacos";"tacos"
"tickets";"tickets"
"a bed";"a bed"
"a beer";"a beer"
"a best friend";"a best friend"
"a bike";"a bike"
"a boyfriend";"a boyfriend"
"a brain";"a brain"
"a cake";"a cake"
"a camera";"a camera"
"a car";"a car"
"a cat";"a cat"
"a christmas tree";"a christmas tree"
"a Christmas tree";"a Christmas tree"
"a date night";"a date night"
"a doctor";"a doctor"
"a dog";"a dog"
"a dress";"a dress"
"advice";"advice"
"a full time employee";"a full time employee"
"a full time job";"a full time job"
"a girlfriend";"a girlfriend"
"a great work out";"a great work out"
"a great workout";"a great workout"
"a gym";"a gym"
"a hairdresser";"a hairdresser"
"a hair stylist";"a hair stylist"
"a home";"a home"
"a job";"a job"
"a job";"a job"
"a kind soul";"a kind soul"
"a kind soul";"a kind soul"
"alcohol";"alcohol"
"a life";"a life"
"a life";"a life"
"a magician";"a magician"
"a magician";"a magician"
"a massage";"a massage"
"a massage";"a massage"
"a miracle";"a miracle"
"a miracle";"a miracle"
"a mobile phone";"a mobile phone"
"a mobile Phone";"a mobile Phone"
"an adventure";"an adventure"
"an adventure";"an adventure"
"an angel";"an angel"
"an angle";"an angle"
"a new car";"a new car"
"a new car";"a new car"
"a new home";"a new home"
"a new house";"a new house"
"another job";"another job"
"another job";"another job"
"answer";"answer"
"a pair of shoes";"a pair of shoes"
"a pair of shoes";"a pair of shoes"
"a partner in crime";"a partner in crime"
"a partner in crime";"a partner in crime"
"a partner";"a partner"
"a partner";"a partner"
"a part time job";"a part time job"
"a part time job";"a part time job"
"a photographer";"a photographer"
"a photographer";"a photographer"
"a super hero";"a super hero"
"a super hero";"a super hero"
"a tatoo artist";"a tatoo artist"
"a tatoo artist";"a tatoo artist"
"a trip";"a trip"
"a trip";"a trip"
"a used car";"a used car"
"a used car";"a used car"
"a workout";"a workout"
"a workout";"a workout"
"balance";"balance"
"Bigfoot";"Bigfoot"
"birds";"birds"
"birthday gift recommendations";"birthday gift recommendations"
"birthday gift recommendations";"birthday gift recommendations"
"birthday present recommendations";"birthday present recommendations"
"Birthday present recommendations";"Birthday present recommendations"
"books";"books"
"cake recommendations";"cake recommendations"
"car recommendations";"car recommendations"
"car recommendations";"car recommendations"
"chocolate";"chocolate"
"clothes";"clothes"
"coffee";"coffee"
"cuddles";"cuddles"
"cupples";"cupples"
"dinosaurs";"dinosaurs"
"donations";"donations"
"easy money";"easy money"
"easy money";"easy money"
"employees";"employees"
"fairies";"fairies"
"fish";"fish"
"flowers";"flowers"
"food";"food"
"food recommemdations";"food recommemdations"
"food recommendations";"food recommendations"
"four leaf clovers";"four leaf clovers"
"four leaf clovers";"four leaf clovers"
"friends";"friends"
"fun people";"fun people"
"fun";"fun"
"God";"God"
"great food";"great food"
"great food";"great food"
"great music";"great music"
"great music";"great music"
"happiness";"happiness"
"help";"help"
"home recommendations";"home recommendations"
"home recommendations";"home recommendations"
"hope";"hope"
"hotel recommendations";"hotel recommendations"
"hotel recommendations";"hotel recommendations"
"ice cream";"ice cream"
"ice cream";"ice cream"
"ideas";"ideas"
"inspiration";"inspiration"
"intelligent life";"intelligent life"
"Jazbaa";"Jazbaa"
"love in all the wrong places";"love in all the wrong places"
"love in all the wrong places";"love in all the wrong places"
"love";"love"
"make up artist";"make up artist"
"makeup artist";"makeup artist"
"medicine";"medicine"
"money";"money"
"more friends";"more friends"
"more friends";"more friends"
"motivation";"motivation"
"movie";"movie"
"music";"music"
"nessie";"nessie"
"peace";"peace"
"perfection";"perfection"
"photos";"photos"
"prayers";"prayers"
"prince charming";"prince charming"
"prince charming";"prince charming"
"recommendations";"recommendations"
"restourant recommendations";"restourant recommendations"
"restourant recommendations";"restourant recommendations"
"salon recommendations";"salon recommendations"
"salon recommendations";"salon recommendations"
"salvation";"salvation"
"shoes";"shoes"
"something to do";"something to do"
"something to do";"something to do"
"something to eat";"something to eat"
"something to eat";"something to eat"
"something to watch";"something to watch"
"something to watch";"something to watch"
"songs";"songs"
"sunshine";"sunshine"
"the holy grail";"the holy grail"
"the holy grail";"the holy grail"
"the meaning of life";"the meaning of life"
"the meaning of life";"the meaning of life"
"the sun";"the sun"
"the sun";"the sun"
"things to do";"things to do"
"things to do";"things to do"
"travel recommendations";"travel recommendations"
"travel recommendations";"travel recommendations"
"volunteers";"volunteers"
"whales";"whales"
"wi fi";"wi fi"
"wifi";"wifi"
"winter clothes";"winter clothes"
"winter clothes";"winter clothes"
"art";"art"
"a shopping list";"a shopping list"
"a shopping list";"a shopping list"
"a surprise";"a surprise"
"breakfast";"breakfast"
"cake";"cake"
"coffee";"coffee"
"crafts";"crafts"
"creafts";"creafts"
"cup cake";"cup cake"
"cupcakes";"cupcakes"
"decorations";"decorations"
"dessert";"dessert"
"dinner";"dinner"
"food";"food"
"fun";"fun"
"gifts";"gifts"
"invitations";"invitations"
"lunch";"lunch"
"magic";"magic"
"pizza";"pizza"
"sandcastles";"sandcastles"
"things";"things"
"awesome people";"awesome people"
"awesome people";"awesome people"
"client";"client"
"clients";"clients"
"family";"family"
"great people";"great people"
"great people";"great people"
"my best friend";"my best friend"
"my best friend";"my best friend"
"my brother";"my brother"
"my brother";"my brother"
"my colleagues";"my colleagues"
"my colleagues";"my colleagues"
"my friend";"my friend"
"my friend";"my friend"
"my love";"my love"
"my love";"my love"
"my old friend";"my old friend"
"my old friends";"my old friends"
"my sweet";"my sweet"
"new people";"new people"
"new people";"new people"
"the doctor";"the doctor"
"the family";"the family"
"the family";"the family"
"the leader";"the leader"
"the leaders";"the leaders"
"the team";"the team"
"the team";"the team"
"with management";"with management"
"with management";"with management"
"with officials";"with officials"
"with officials";"with officials"
"with the company";"with the company"
"all of the happy times we've had together";"all of the happy times we've had together"
"bob Marley";"bob Marley"
"Bob Marley";"Bob Marley"
"david bowie";"david bowie"
"David Bowie";"David Bowie"
"Laura Palmer";"Laura Palmer"
"old friends";"old friends"
"Old friends";"Old friends"
"our fallen soldiers";"our fallen soldiers"
"our fallen soldiers";"our fallen soldiers"
"raden Ajeng Kartini";"raden Ajeng Kartini"
"Raden Ajeng Kartini";"Raden Ajeng Kartini"
"Sarbjit";"Sarbjit"
"a holiday";"a holiday"
"all good times";"all good times"
"all good times";"all good times"
"all my friends";"all my friends"
"all my friends";"all my friends"
"a lot of things";"a lot of things"
"a lot of things";"a lot of things"
"better days";"better days"
"better days";"better days"
"doing something crazy";"doing something crazy"
"doing something crazy";"doing something crazy"
"doing something different";"doing something different"
"doing something different";"doing something different"
"friend and family";"friend and family"
"friends and family";"friends and family"
"her";"her"
"life";"life"
"making a change";"making a change"
"making a charge";"making a charge"
"making a trip";"making a trip"
"making a trip";"making a trip"
"my future";"my future"
"my future";"my future"
"my past";"my past"
"my past";"my past"
"old memories";"old memories"
"old memories";"old memories"
"someone special";"someone special"
"someone special";"someone special"
"the meaning of life";"the meaning of life"
"the meaning of life";"the meaning of life"
"the old days";"the old days"
"the old days";"the old days"
"the summer";"the summer"
"the summer";"the summer"
"tomorrow";"tomorrow"
"Delete Advertise?";"Delete Advertise?"
"Are you sure that you want to delete this advertisement? It will not be recoverable after being deleted.";"Are you sure that you want to delete this advertisement? It will not be recoverable after being deleted."
"BuySell Item";"BuySell Item"
"Edit Advertising";"Edit Advertising"
"Close Advertising";"Close Advertising"
"Open Advertising";"Open Advertising"
"'You do not have any Advertising.";"'You do not have any Advertising."
"at ";"at "
"posted by";"posted by"
"Upload complete.";"Upload complete."
"An error occurred:";"An error occurred:"
"To enable the embedded uploader, unblock it in your browser and refresh (see Adblock).";"To enable the embedded uploader, unblock it in your browser and refresh (see Adblock)."
"To enable the embedded uploader, enable the blocked Flash movie (see Flashblock).";"To enable the embedded uploader, enable the blocked Flash movie (see Flashblock)."
"A required file was not found, please be patient and we'll fix this.";"A required file was not found, please be patient and we'll fix this."
"To enable the embedded uploader, install the latest Adobe Flash plugin.";"To enable the embedded uploader, install the latest Adobe Flash plugin."
"File Upload";"File Upload"
"This form is just an example fallback for the unobtrusive behaviour of FancyUpload.
    If this part is not changed, something must be wrong with your code.";"This form is just an example fallback for the unobtrusive behaviour of FancyUpload.
    If this part is not changed, something must be wrong with your code."
"Upload a Photo:";"Upload a Photo:"
"Click \"Add Photos\" to select one or more photos from your computer. After you have selected the photos, they will begin to upload right away. When your upload is finished, click the button below your photo list to save them.";"Click \"Add Photos\" to select one or more photos from your computer. After you have selected the photos, they will begin to upload right away. When your upload is finished, click the button below your photo list to save them."
"Add Photos";"Add Photos"
"Translate";"Translate"
"Turn On Notification";"Turn On Notification"
"Turn Off Notification";"Turn Off Notification"
"Pin This Post";"Pin This Post"
"Unpin This Post";"Unpin This Post"
"we care about you and the memories you share here. We thought you'd like to look back on this post from %s year ago.";"we care about you and the memories you share here. We thought you'd like to look back on this post from %s year ago."
"Feeling/Activity";"Feeling/Activity"
"Sell Something";"Sell Something"
"Tag Friends";"Tag Friends"
"Post a Sticker";"Post a Sticker"
"Scheduled Posts";"Scheduled Posts"
"Hidden Post";"Hidden Post"
"On this day";"On this day"
"Pin Feed";"Pin Feed"
"BuySell";"BuySell"
"Write a post";"Write a post"
"{item:$subject} is {varFeeling:$feelingText}.{body:$body}";"{item:$subject} is {varFeeling:$feelingText}.{body:$body}"

"_ACTIVITY_ACTIONTYPE_FAVOURITE_SITEMUSIC_ARTIST";"When some one add an artist as favourites"
"_ACTIVITY_ACTIONTYPE_FAVOURITE_SITEMUSIC_PLAYLIST";"When some one add a playlist as favourites"
"_ACTIVITY_ACTIONTYPE_FAVOURITE_SITEMUSIC_PLAYLIST_SONG";"When some one add a playlist song as favourites"
"_ACTIVITY_ACTIONTYPE_FAVOURITE_SITEMUSIC_USER_PLAYLIST";;"When some one add a user playlist as favourites"
"_ACTIVITY_ACTIONTYPE_FOLLOWING_SITEMUSIC_ARTIST";"When some one follow a artist"
"_ACTIVITY_ACTIONTYPE_FOLLOWING_SITEMUSIC_PLAYLIST";"When some one follow a playlist"
"_ACTIVITY_ACTIONTYPE_LIKE_SITEMUSIC_ARTIST";"When some one like a artist"
"_ACTIVITY_ACTIONTYPE_SITEMUSIC_ALBUM_NEW";"When some one add a album in music"
"_ACTIVITY_ACTIONTYPE_SITEMUSIC_SONG_NEW";"When some one add a song"
"_ACTIVITY_ACTIONTYPE_SITEMUSIC_SITEBUSINESS_MUSIC_NEW";"When some one add a song in business"
"_ACTIVITY_ACTIONTYPE_SITEMUSIC_SITEGROUP_MUSIC_NEW";"When some one add a song in group"
"_ACTIVITY_ACTIONTYPE_SITEMUSIC_SITEPAGE_MUSIC_NEW";"When some one add a song in page"
"_ACTIVITY_ACTIONTYPE_SITEMUSIC_USER_PLAYLIST_NEW";"When some one add a new playlist"
"_ACTIVITY_ACTIONTYPE_LIKE_SITEMUSIC_PLAYLIST_SONG";"When some one like a playlist song"
"_ACTIVITY_ACTIONTYPE_LIKE_SITEMUSIC_USER_PLAYLIST";"When some one like a playlist"
"_ACTIVITY_ACTIONTYPE_SITEVIDEO_SITESTOREPRODUCT_VIDEO_NEW";"_ACTIVITY_ACTIONTYPE_SITEVIDEO_SITESTOREPRODUCT_VIDEO_NEW"
"_ACTIVITY_ACTIONTYPE_SITEVIDEO_SITESTOREPRODUCT_VIDEO_NEW";"New videos in products."
"_ACTIVITY_ACTIONTYPE_SITEREVIEW_ADMIN_NEW_MODULE_LISTTYPE_1";"_ACTIVITY_ACTIONTYPE_SITEREVIEW_ADMIN_NEW_MODULE_LISTTYPE_1"
"_ACTIVITY_ACTIONTYPE_SITEREVIEW_ADMIN_NEW_MODULE_LISTTYPE_1";"New product in a listing."
"_ACTIVITY_ACTIONTYPE_SITEREVIEW_ADMIN_NEW_MODULE_LISTTYPE_1";"New product by admin in listing."
"_ACTIVITY_ACTIONTYPE_SITEREVIEW_ADMIN_NEW_MODULE_LISTTYPE_2";"_ACTIVITY_ACTIONTYPE_SITEREVIEW_ADMIN_NEW_MODULE_LISTTYPE_2"
"_ACTIVITY_ACTIONTYPE_SITEREVIEW_ADMIN_NEW_MODULE_LISTTYPE_2";"New blog by admin in listing."
"_ACTIVITY_ACTIONTYPE_SITEREVIEW_NEW_MODULE_LISTTYPE_1";"_ACTIVITY_ACTIONTYPE_SITEREVIEW_NEW_MODULE_LISTTYPE_1"
"_ACTIVITY_ACTIONTYPE_SITEREVIEW_NEW_MODULE_LISTTYPE_1";"Created a new product."
"_ACTIVITY_ACTIONTYPE_SITEREVIEW_NEW_MODULE_LISTTYPE_14";"Created a new listing."
"_ACTIVITY_ACTIONTYPE_SITEREVIEW_NEW_MODULE_LISTTYPE_2";"_ACTIVITY_ACTIONTYPE_SITEREVIEW_NEW_MODULE_LISTTYPE_2"
"_ACTIVITY_ACTIONTYPE_SITEREVIEW_NEW_MODULE_LISTTYPE_2";"Created a new blog."
"_ACTIVITY_ACTIONTYPE_LIKE_SITEREVIEW_LISTING";"When I liked the listing"
"_ACTIVITY_ACTIONTYPE_LIKE_SITEREVIEW_PHOTO";"When I liked the listing photo"
"_ACTIVITY_ACTIONTYPE_LIKE_SITEREVIEW_VIDEO";"When I liked the listing video"
"_ACTIVITY_ACTIONTYPE_LIKE_USER";"When I liked the user"
"ITEM_TYPE_ADVANCEDACTIVITY_GREETING";"Activity"

"_ACTIVITY_ACTIONTYPE_SITETAGCHECKIN_LIVE_VIDEO_POST_SELF";"When someone checks into live video.
"